Type,Campaign,Ad group,Keyword,Match type,Headline 1,Headline 2,Headline 3,Description 1,Description 2,Final URL,Path 1,Path 2
Keyword,IT_Search_WeddingPlannerLuxury_Lead,Wedding planner luxury,wedding planner luxury,Phrase,,,,,,,,
Keyword,IT_Search_WeddingPlannerLuxury_Lead,Wedding planner luxury,wedding planner di lusso,Phrase,,,,,,,,
Keyword,IT_Search_WeddingPlannerLuxury_Lead,Wedding planner luxury,wedding planner matrimonio elegante,Phrase,,,,,,,,
Keyword,IT_Search_WeddingPlannerLuxury_Lead,Wedding planner luxury,organizzazione matrimonio luxury,Phrase,,,,,,,,
Keyword,IT_Search_WeddingPlannerLuxury_Lead,Wedding planner luxury,wedding planner matrimoni esclusivi,Phrase,,,,,,,,
Keyword,IT_Search_WeddingPlannerLuxury_Lead,Wedding planner luxury,wedding planner alta gamma,Phrase,,,,,,,,
Keyword,IT_Search_WeddingPlannerLuxury_Lead,Destination wedding Italia,destination wedding italy,Phrase,,,,,,,,
Keyword,IT_Search_WeddingPlannerLuxury_Lead,Destination wedding Italia,destination wedding italia,Phrase,,,,,,,,
Keyword,IT_Search_WeddingPlannerLuxury_Lead,Destination wedding Italia,wedding planner destination wedding,Phrase,,,,,,,,
Keyword,IT_Search_WeddingPlannerLuxury_Lead,Destination wedding Italia,organizzare matrimonio in italia,Phrase,,,,,,,,
Keyword,IT_Search_WeddingPlannerLuxury_Lead,Destination wedding Italia,luxury wedding italy,Phrase,,,,,,,,
Keyword,IT_Search_WeddingPlannerLuxury_Lead,Destination wedding Italia,italian wedding planner,Phrase,,,,,,,,
Keyword,IT_Search_WeddingPlannerLuxury_Lead,Location e ville,matrimonio in villa,Phrase,,,,,,,,
Keyword,IT_Search_WeddingPlannerLuxury_Lead,Location e ville,wedding planner villa matrimonio,Phrase,,,,,,,,
Keyword,IT_Search_WeddingPlannerLuxury_Lead,Location e ville,matrimonio castello italia,Phrase,,,,,,,,
Keyword,IT_Search_WeddingPlannerLuxury_Lead,Location e ville,matrimonio lago di como wedding planner,Phrase,,,,,,,,
Keyword,IT_Search_WeddingPlannerLuxury_Lead,Location e ville,matrimonio in masseria luxury,Phrase,,,,,,,,
Keyword,IT_Search_WeddingPlannerLuxury_Lead,Location e ville,matrimonio in toscana wedding planner,Phrase,,,,,,,,
Ad,IT_Search_WeddingPlannerLuxury_Lead,Wedding planner luxury,,,,Maison Aurelia Weddings,Wedding Planner Luxury,Matrimoni In Tutta Italia,"Progettiamo matrimoni luxury in tutta Italia con location, fornitori, orchestra e regia completa.","Raccontaci data, budget e location: ricevi una prima valutazione per il tuo matrimonio.",https://sarazakariamkt-cyber.github.io/maison-aurelia-weddings/,matrimoni,luxury
Ad,IT_Search_WeddingPlannerLuxury_Lead,Destination wedding Italia,,,,Destination Wedding Italia,Regia Completa Del Matrimonio,Ville Castelli E Dimore,"Dalla visione iniziale al wedding day, Maison Aurelia cura ogni dettaglio con eleganza.","Destination wedding in ville, castelli, masserie, laghi e dimore private italiane.",https://sarazakariamkt-cyber.github.io/maison-aurelia-weddings/,destination,wedding
Ad,IT_Search_WeddingPlannerLuxury_Lead,Location e ville,,,,Il Tuo Matrimonio Su Misura,Orchestra Location Dettagli,Una Regia Impeccabile,"Progettiamo matrimoni luxury in tutta Italia con location, fornitori, orchestra e regia completa.","Raccontaci data, budget e location: ricevi una prima valutazione per il tuo matrimonio.",https://sarazakariamkt-cyber.github.io/maison-aurelia-weddings/,location,italia
Negative,IT_Search_WeddingPlannerLuxury_Lead,,gratis,Broad,,,,,,,,
Negative,IT_Search_WeddingPlannerLuxury_Lead,,lavoro,Broad,,,,,,,,
Negative,IT_Search_WeddingPlannerLuxury_Lead,,corso,Broad,,,,,,,,
Negative,IT_Search_WeddingPlannerLuxury_Lead,,stipendio,Broad,,,,,,,,
Negative,IT_Search_WeddingPlannerLuxury_Lead,,diventare,Broad,,,,,,,,
Negative,IT_Search_WeddingPlannerLuxury_Lead,,template,Broad,,,,,,,,
Negative,IT_Search_WeddingPlannerLuxury_Lead,,fai da te,Broad,,,,,,,,
Negative,IT_Search_WeddingPlannerLuxury_Lead,,economico,Broad,,,,,,,,
Negative,IT_Search_WeddingPlannerLuxury_Lead,,low cost,Broad,,,,,,,,
Negative,IT_Search_WeddingPlannerLuxury_Lead,,pdf,Broad,,,,,,,,
